Year,State,City,Orientation,vict_killed,Target,Weapon,Lat,Long,type_extremism_1,type_extremism_2,victim_category,victim_specific1,susp_total,susp_social_media_use
2021,California,Napa,Violent Far-right,0,"Government, Military, and Police",Explosives and Incendiaries,38.2975,-122.2869,anti government,anti left,group,government,1.0,various
2021,New York,New York City,Violent Far-right,0,"Government, Military, and Police",Firearms,40.731,-73.796,white supremacist,anti government,group,government,1.0,parler
2021,New York,New York City,Violent Far-right,0,Business,Explosives and Incendiaries,40.731,-73.796,white supremacist,anti semitic,individual,BLM,1.0,various
2021,Washington,Tacoma,Violent Far-left,0,"Government, Military, and Police",Explosives and Incendiaries,47.253,-122.444,,,,,,
2021,Washington,Seattle,Violent Far-left,0,Business,Melee,47.606,-122.333,,,,,,
2021,Georgia,Fort Stewart,Religious,0,"Government, Military, and Police",Explosives and Incendiaries,31.872,-81.61,,,,,,
2021,Rhode Island,Providence,Violent Far-left,0,Business,Other,41.824,-71.412,,,,,,
2021,Kentucky,Louisville,Other,0,Demonstrators,Firearms,38.254,-85.759,,,,,,
2021,California,Los Gatos,Violent Far-left,0,Demonstrators,Other,37.236,-121.963,,,,,,
2021,Washington D.C.,Washington D.C.,Violent Far-right,1,"Government, Military, and Police",Multiple,38.917,-77.0,white supremacist,stop the steal,government building,government,200.0,
2021,Washington D.C.,Washington D.C.,Violent Far-right,0,"Government, Military, and Police",Explosives and Incendiaries,38.917,-77.0,anti government,stop the steal,group,government,,
2021,Florida,Winter Haven,Violent Far-right,0,"Government, Military, and Police",Threats or Hoaxes,28.022,-81.733,anti government,,group,government,1.0,
2021,Washington,Olympia,Violent Far-right,0,"Government, Military, and Police",Threats or Hoaxes,47.036,-122.905,stop the steal,anti semitic,group,government,1.0,
2021,Michigan,Charlotte,Violent Far-right,0,"Government, Military, and Police",Threats or Hoaxes,42.564,-84.836,stop the steal,,group,government,1.0,
2021,Oregon,Portland,Violent Far-right,0,"Government, Military, and Police",Firearms,45.523,-122.676,stop the steal,,group,government,1.0,
2021,California,Napa,Violent Far-right,0,"Government, Military, and Police",Firearms,38.297,-122.287,anti government,anti left,group,government,,
2021,Washington D.C.,Washington D.C.,Violent Far-right,0,"Government, Military, and Police",Firearms,38.917,-77.0,stop the steal,,group,government,1.0,
2020,Oregon,Portland,Violent Far-right,0,Demonstrators,Firearms,45.523,-122.676,white supremacist,,demonstration,social justice,1.0,various
2020,New York,Staten Island,Violent Far-right,0,"Government, Military, and Police",Threats and Hoaxes,40.5795,-74.1502,stop the steal,,group,BLM,1.0,various
2020,New Jersey,North Brunswick,Violent Far-right,1,"Government, Military, and Police",Firearms,40.467,-74.457,other,,individual,women,1.0,webpage
2020,New Mexico,Kirtland Air Force Base,Violent Far-right,0,Unknown,Firearms,35.054,-106.5339,other,,,,1.0,
2020,Illinois,Bloomington,Violent Far-right,0,Demonstrators,Vehicle,40.484,-88.994,white supremacist,anti blm,demonstration,social justice,1.0,
2020,Virginia,Abingdon,Violent Far-right,0,Private Individuals,Explosives and Incendiaries,36.7098,-81.9773,incel,,group,women,1.0,
2020,New York,Babylon,Violent Far-right,0,Demonstrators,Vehicle,40.6956552,-73.3256753,anti blm,,demonstration,social justice,,
2020,California,Torrance,Violent Far-right,0,Private Individuals,Vehicle,33.834,-118.342,white supremacist,,group,black,1.0,
2020,Texas,Austin,Violent Far-right,1,Demonstrators,Firearms,30.275,-97.74,anti blm,anti police,demonstration,social justice,1.0,twitter
2020,Virginia,Henrico,Violent Far-right,0,Demonstrators,Vehicle,37.458,-77.296,white supremacist,anti blm,demonstration,social justice,1.0,facebook
2020,California,Pasadena,Violent Far-right,0,Demonstrators,Vehicle,34.142,-118.15,white supremacist,anti blm,demonstration,social justice,1.0,various
2020,Pennsylvania,Philadelphia,Violent Far-right,0,"Government, Military, and Police",Firearms,39.952,-75.164,stop the steal,conspiracy theorist,group,government,2.0,various
2020,Ohio,Cleveland,Violent Far-right,0,"Government, Military, and Police",Firearms,41.5,-81.6667,anti police,anti government,individual,government,1.0,various
2020,Oregon,Portland,Violent Far-right,0,Demonstrators,Explosives and Incendiaries,45.523,-122.676,anti blm,,demonstration,social justice,1.0,various
2020,Arizona,Glendale,Violent Far-right,0,Private Individuals,Firearms,33.5387,-112.186,incel,,individual,women,1.0,snapchat
2020,Washington,Seattle,Violent Far-right,0,Journalists and Media,Other,47.6062,-122.332,white supremacist,,group,jewish,4.0,various
2020,New York,New York City,Violent Far-right,0,"Government, Military, and Police",Melee,40.7128,-74.006,conspiracy theorist,,individual,government,1.0,facebook
2020,Washington,Pine Street,Violent Far-right,0,Demonstrators,Vehicle,47.6119582,-122.3358331,anti blm,,demonstration,social justice,1.0,instagram
2020,Missouri,St. Peters,Violent Far-right,0,"Government, Military, and Police",Explosives and Incendiaries,38.7875,-90.6299,anti government,anti blm,group,black,1.0,instagram
2020,Texas,Waco,Violent Far-right,0,Private Individuals,Vehicle,31.549,-97.147,conspiracy theorist,,individual,,1.0,instagram
2020,Wisconsin,Pleasant Prairie,Violent Far-right,0,Private Individuals,Firearms,42.5531,-87.9334,anti government,anti blm,individual,social justice,2.0,facebook
2020,Michigan,Ypsilanti,Violent Far-right,0,"Government, Military, and Police",Firearms,42.243,-83.618,anti government,,individual,government,6.0,facebook
2020,Minnesota,Minneapolis,Violent Far-right,0,Demonstrators,Other,44.983,-93.267,white supremacist,,demonstration,social justice,1.0,facebook
2020,Maryland,Frederick,Violent Far-right,0,"Government, Military, and Police",Threats or Hoaxes,39.414,-77.41,stop the steal,,group,government,1.0,facebook
2020,Texas,Austin,Violent Far-right,0,"Government, Military, and Police",Other,30.275,-97.74,stop the steal,,group,government,,facebook
2020,Delaware,Newark,Violent Far-right,0,Demonstrators,Firearms,39.6837,-75.7497,,,group,black,3.0,encrypted chats
2020,Georgia,Silver Creek,Violent Far-right,0,Demonstrators,Firearms,34.1753,-85.1609,white supremacist,,demonstration,social justice,3.0,encrypted chats
2020,Missouri,Belton,Violent Far-right,0,Other,Explosives and Incendiaries,38.815797,-94.535556,white supremacist,anti covid lockdown,building,jewish,1.0,encrypted chats
2020,Kentucky,Louisville,Violent Far-right,0,"Government, Military, and Police",Other,38.2527,-85.7585,white supremacist,,group,government,1.0,telegram
2020,Pennsylvania,Philadelphia,Violent Far-left,0,"Government, Military, and Police",Explosives and Incendiaries,39.952,-75.164,,,,,,
2020,Pennsylvania,Pittsburgh,Religious,0,"Government, Military, and Police",Threats and Hoaxes,40.4406,-79.9959,,,,,,
2020,Colorado,Aspen,Violent Far-left,0,Transportation and Infrastructure,Other,39.191,-106.818,,,,,,
2020,Washington,Bellingham,Violent Far-left,0,Transportation and Infrastructure,Other,48.7519,-122.4787,,,,,,
2020,Oregon,Portland,Violent Far-left,0,"Government, Military, and Police",Explosives and Incendiaries,45.523,-122.676,,,,,,
2020,Oregon,Portland,Violent Far-left,0,"Government, Military, and Police",Other,45.523,-122.676,,,,,,
2020,California,Beverly Hills,Ethnonationalist,0,Business,Other,34.074,-118.398,,,,,,
2020,New Mexico,Albuquerque,Violent Far-left,0,Demonstrators,Firearms,35.084,-106.651,,,,,,
2020,Oregon,Portland,Violent Far-left,0,"Government, Military, and Police",Explosives and Incendiaries,45.523,-122.676,,,,,,
2020,Missouri,St. Louis,Violent Far-left,0,"Government, Military, and Police",Explosives and Incendiaries,38.627,-90.191,,,,,,
2020,Kentucky,Louisville,Violent Far-left,0,"Government, Military, and Police",Firearms,38.254,-85.759,,,,,,
2020,North Carolina,Durham,Violent Far-left,0,Business,Melee,35.994,-78.899,,,,,,
2020,Washington D.C.,Washington D.C.,Violent Far-left,0,"Government, Military, and Police",Other,38.9072,-77.0369,,,,,,
2020,Texas,Richmond,Religious,0,Educational Institution,Threats and Hoaxes,29.5822,-95.7608,,,,,,
2020,Arkansas,Little Rock,Violent Far-left,0,"Government, Military, and Police",Explosives and Incendiaries,34.746,-92.288,,,,,,
2020,Minnesota,Minneapolis,Other,0,"Government, Military, and Police",Firearms,44.9778,-93.265,,,,,,
2020,Washington,Seattle,Violent Far-left,0,"Government, Military, and Police",Explosives and Incendiaries,47.606,-122.333,,,,,,
2020,Oregon,Portland,Violent Far-left,1,Demonstrators,Firearms,45.523,-122.676,,,,,,
2020,South Carolina,Fort Mill,Violent Far-left,0,Demonstrators,Firearms,35.007,-80.945,,,,,,
2020,Delaware,Wilmington,Violent Far-left,0,Demonstrators,Firearms,39.744,-75.552,,,,,,
2020,California,Grass Valley,Violent Far-left,0,Demonstrators,Firearms,39.219,-121.061,,,,,,
2020,Colorado,Eaton,Violent Far-left,0,Demonstrators,Vehicle,40.525,-104.713,,,,,,
2020,Washington,Seattle,Violent Far-left,0,"Government, Military, and Police",Explosives and Incendiaries,47.606,-122.333,,,,,,
2020,Oregon,Portland,Violent Far-left,0,"Government, Military, and Police",Explosives and Incendiaries,45.523,-122.676,,,,,,
2020,Wisconsin,Madison,Violent Far-left,0,"Government, Military, and Police",Melee,43.075,-89.384,,,,,,
2020,California,Santa Cruz,Other,1,"Government, Military, and Police",Firearms,36.974,-122.03,,,,,,
2020,New York,New York City,Religious,0,"Government, Military, and Police",Firearms,40.69,-73.986,,,,,,
2020,New York,New York City,Violent Far-left,0,"Government, Military, and Police",Explosives and Incendiaries,40.69,-73.986,,,,,,
2020,Washington,Tacoma,Violent Far-left,0,"Government, Military, and Police",Explosives and Incendiaries,47.253,-122.444,,,,,,
2020,Nevada,Las Vegas,Other,0,Transportation and Infrastructure,Explosives and Incendiaries,36.2274,-115.263,,,,,,
2020,California,Oakland,Other,1,"Government, Military, and Police",Firearms,37.804,-122.271,,,,,,
2020,Minnesota,Apple Valley,Violent Far-left,0,"Government, Military, and Police",Explosives and Incendiaries,44.732,-93.218,,,,,,
2020,Minnesota,Minneapolis,Violent Far-left,0,"Government, Military, and Police",Explosives and Incendiaries,44.983,-93.267,,,,,,
2020,Florida,Tampa,Religious,0,Private Individuals,Firearms,27.9506,-82.4572,,,,,,
2020,Texas,Naval Air Station Corpus Christi,Religious,0,"Government, Military, and Police",Firearms,27.6928,-97.2799,,,,,,
2020,Texas,Texarkana,Other,0,"Government, Military, and Police",Firearms,33.443943,-94.072579,,,,,,
2020,North Carolina,Wilson,Religious,0,Business,Explosives and Incendiaries,35.733222,-77.929539,,,,,,
2020,Delaware,Newark,Violent Far-right,0,Abortion Related,Explosives and Incendiaries,39.6837,-75.7497,anti abortion,,building,abortion,1.0,
2020,Texas,Midland,Violent Far-right,0,Private Individuals,Melee,31.93333333,-102.2,anti asian,,individual,asian,1.0,
2020,California,San Pedro,Violent Far-right,0,Transportation and Infrastructure,Vehicle,33.7329,-118.292846,anti covid lockdown,,government building,,1.0,
2020,Massachusetts,East Longmeadow,Violent Far-right,0,Religious Institutions,Explosives and Incendiaries,42.061882,-72.511494,anti semitic,white supremacist,building,jewish,1.0,
2020,Colorado,Denver,Violent Far-right,0,Unknown,Explosives and Incendiaries,39.736278,-104.969116,anti covid lockdown,,government building,,1.0,
2020,New York,Geneseo,Violent Far-right,0,"Government, Military, and Police",Explosives and Incendiaries,42.7959,-77.8169,anti police,anti government,group,police,1.0,
2020,Utah,Salt Lake City,Violent Far-right,0,Demonstrators,Other,40.7607793,-111.8910474,racist,anti blm,demonstration,social justice,1.0,
2020,New York,New York City,Violent Far-right,0,Demonstrators,Vehicle,40.731,-73.796,anti blm,,demonstration,social justice,1.0,
2020,Nebraska,Grand Island,Violent Far-right,0,Demonstrators,Firearms,40.925,-98.342,anti blm,,demonstration,social justice,1.0,
2020,Colorado,Longmont,Violent Far-right,0,Demonstrators,Melee,40.167,-105.102,anti blm,,demonstration,social justice,1.0,
2020,California,Porterville,Violent Far-right,0,Unknown,Explosives and Incendiaries,36.0652,-119.0168,white supremacist,,group,black,1.0,
2020,Missouri,Brentwood,Violent Far-right,0,Demonstrators,Firearms,38.617,-90.35,anti blm,,demonstration,social justice,,
2020,Texas,McAllen,Violent Far-right,0,Demonstrators,Melee,26.203,-98.23,anti blm,,demonstration,social justice,1.0,
2020,Oregon,Coos Bay,Violent Far-right,0,Demonstrators,Firearms,43.367,-124.218,anti blm,,demonstration,social justice,1.0,
2020,Wisconsin,Madison,Violent Far-right,0,Private Individuals,Explosives and Incendiaries,43.0754426,-89.3907848,white supremacist,anti blm,group,social justice,1.0,
2020,Massachusetts,Newton,Violent Far-right,0,Demonstrators,Vehicle,42.3370413,-71.2092214,anti blm,,demonstration,social justice,,
2020,Virginia,Richmond,Violent Far-right,0,"Government, Military, and Police",Other,37.539,-77.434,anti blm,,demonstration,social justice,,
2020,New York,Amherst,Violent Far-right,0,Demonstrators,Vehicle,42.962,-78.745,anti blm,,demonstration,social justice,,
2020,Delaware,Wilmington,Violent Far-right,0,Demonstrators,Firearms,39.744,-75.552,anti left,,individual,left,1.0,
2020,Washington,Shoreline,Violent Far-right,0,Business,Explosives and Incendiaries,47.756,-122.341,anti blm,,demonstration,social justice,,
2020,Georgia,Savannah,Violent Far-right,0,Demonstrators,Other,32.084,-81.1,racist,,demonstration,social justice,1.0,
2020,Florida,Fort Myers,Violent Far-right,0,Abortion Related,Explosives and Incendiaries,26.622,-81.841,anti abortion,,building,abortion,1.0,
2020,Tennessee,Shelbyville,Violent Far-right,0,Private Individuals,Threats or Hoaxes,35.483,-86.46,white supremacist,,group,left,,
2020,Kansas,Wichita,Violent Far-right,0,"Government, Military, and Police",Threats or Hoaxes,37.687,-97.331,anti government,,individual,government,1.0,
2020,Texas,Houston,Violent Far-right,0,Private Individuals,Firearms,29.76,-95.364,stop the steal,,individual,,1.0,
2020,North Dakota,Dickinson,Violent Far-right,0,"Government, Military, and Police",Threats or Hoaxes,46.879,-102.79,stop the steal,,individual,government,1.0,
2020,Illinois,Springfield,Violent Far-right,0,Religious Institutions,Threats or Hoaxes,39.782,-89.648,racist,anti blm,individual,black,1.0,
2020,Florida,Fort Lauderdale,Violent Far-right,0,Private Individuals,Other,26.122,-80.138,stop the steal,,individual,government,,
2020,Oregon,Forest Grove,Violent Far-right,0,Private Individuals,Other,45.52,-123.111,anti blm,,individual,black,1.0,
2020,Alabama,Gadsden,Violent Far-right,0,Business,Explosives and Incendiaries,34.014,-86.006,anti blm,racist,individual,black,,
2020,Oregon,Portland,Violent Far-right,0,"Government, Military, and Police",Threats or Hoaxes,45.523,-122.676,racist,,group,black,,
2020,Massachusetts,Boston,Violent Far-right,0,Other,Explosives and Incendiaries,42.3601,-71.0589,anti government,,group,,1.0,
2020,Georgia,Lawrenceville,Violent Far-right,0,"Government, Military, and Police",Threats or Hoaxes,33.956,-83.988,stop the steal,,group,government,,
2020,North Carolina,Lewisville,Violent Far-right,0,Private Individuals,Melee,36.097,-80.419,anti blm,,individual,white,1.0,
2020,Washington,Spokane,Violent Far-right,0,"Government, Military, and Police",Threats or Hoaxes,47.66,-117.429,anti government,,group,left,1.0,
2020,Texas,Little Elm,Violent Far-right,0,Private Individuals,Explosives and Incendiaries,33.163,-96.938,anti blm,racist,individual,black,,
2020,Georgia,Atlanta,Violent Far-right,0,Religious Institutions,Threats or Hoaxes,33.756,-84.39,racist,,individual,government,,
2020,Washington D.C.,Washington D.C.,Violent Far-right,0,Religious Institutions,Explosives and Incendiaries,38.917,-77.0,white supremacist,,religious building,black,,
2020,Georgia,Stockbridge,Violent Far-right,0,Demonstrators,Melee,33.544,-84.234,anti left,,individual,left,1.0,
2020,Georgia,Atlanta,Violent Far-right,0,Demonstrators,Firearms,33.756,-84.39,anti government,anti left,individual,left,,
2020,Florida,Miami Beach,Violent Far-right,0,Private Individuals,Melee,25.791,-80.134,anti semitic,,individual,jewish,1.0,
2020,Massachusetts,Springfield,Violent Far-right,0,Religious Institutions,Explosives and Incendiaries,42.102,-72.59,racist,,religious building,black,,
2020,Oregon,Salem,Violent Far-right,0,"Government, Military, and Police",Other,44.938,-123.03,anti covid lockdown,,group,police,4.0,
2020,Maryland,West Friendship,Violent Far-right,0,"Government, Military, and Police",Threats or Hoaxes,39.305,-76.953,stop the steal,,individual,government,1.0,
2019,Kansas,Topeka,Violent Far-right,0,Journalists and Media,Explosives and Incendiaries,38.4847,-98.3802,anti government,conspiracy theorist,group,left,1.0,various
2019,Texas,El Paso,Violent Far-right,22,Private Individuals,Firearms,31.8481,-106.432,anti immigrant,,group,immigrant,1.0,various
2019,California,Gilroy,Violent Far-right,3,Private Individuals,Firearms,37.0058,-121.568,white supremacist,anti government,group,,1.0,various
2019,New York,Staten Island,Violent Far-right,1,Private Individuals,Firearms,40.5795,-74.1502,conspiracy theorist,,individual,,1.0,various
2019,Missouri,Columbia,Violent Far-right,0,Abortion Related,Explosives and Incendiaries,38.9517,-92.3341,anti abortion,,building,abortion,1.0,various
2019,Texas,Dallas,Violent Far-right,0,"Government, Military, and Police",Firearms,32.778155,-96.795404,incel,,government building,,1.0,faceboo
2019,New York,Tompkins,Violent Far-right,0,Religious Institutions,Explosives and Incendiaries,43.1547845,-77.6155568,white supremacist,anti muslim,individual,muslim,4.0,discord
2019,Florida,St. Petersburg,Violent Far-right,1,Private Individuals,Firearms,27.7676,-82.6403,white supremacist,,individual,black,1.0,various
2019,Texas,Harlingen,Violent Far-right,0,Multiple,Explosives and Incendiaries,26.1906,-97.6961,white supremacist,anti government,government building,,1.0,various
2019,Ohio,Youngstown,Violent Far-right,0,Religious Institutions,Firearms,41.0998,-80.6495,anti semitic,white supremacist,building,jewish,1.0,instagram
2019,Colorado,Boulder,Violent Far-right,0,Religious Institutions,Unknown,40.015,-105.271,white supremacist,anti semitic,group,immigrant,1.0,gab
2019,Florida,Orlando,Violent Far-right,0,Private Individuals,Firearms,28.5383,-81.3792,white supremacist,,group,black,1.0,facebook
2019,Florida,Miami Beach,Violent Far-right,0,Private Individuals,Unknown,47.6062,-122.332,anti immigrant,,group,immigrant,1.0,facebook
2019,Colorado,Pueblo,Violent Far-right,0,Religious Institutions,Explosives and Incendiaries,38.2544,-104.609,white supremacist,,religious building,jewish,1.0,facebook
2019,Washington,Seattle,Violent Far-right,0,Unknown,Firearms,38.895,-77.0367,white supremacist,,group,social justice,4.0,encrypted chats
2019,Nevada,Las Vegas,Violent Far-right,0,Religious Institutions,Explosives and Incendiaries,36.21,-115.22,white supremacist,,group,jewish,1.0,encrypted chats
2019,Virginia,Charlottesville,Violent Far-right,0,Private Individuals,Threats or Hoaxes,38.034399,-78.487723,white supremacist,,individual,government,1.0,various
2019,California,San Diego,Violent Far-right,1,Religious Institutions,Firearms,32.95,-117.017,anti semitic,,group,jewish,1.0,8chan
2019,New York,,Violent Far-left,0,Private Individuals,Melee,40.7142,-74.0064,,,,,,
2019,New Jersey,,Violent Far-left,4,Business,Firearms,40.7282,-74.0776,,,,,,
2019,Florida,Pensacola,Religious,3,"Government, Military, and Police",Firearms,30.4213,-87.2169,,,,,,
2019,Florida,Miami,Religious,0,Educational Institution,Explosives and Incendiaries,25.774591,-80.214195,,,,,,
2019,Florida,Miami,Violent Far-left,0,Religious Institutions,Melee,25.7617,-80.1918,,,,,,
2019,Alabama,,Religious,0,"Government, Military, and Police",Unknown,32.7569,-86.8445,,,,,,
2019,New York,New York City,Religious,0,Private Individuals,Melee,40.7142,-74.0064,,,,,,
2019,New York,New York City,Religious,0,Unknown,Unknown,40.7128,-74.006,,,,,,
2019,New York,New York City,Religious,0,Private Individuals,Melee,40.7128,-74.006,,,,,,
2019,Arizona,Tucson,Religious,0,Unknown,Unknown,32.1204,-110.938,,,,,,
2019,Washington,,Violent Far-left,0,"Government, Military, and Police",Explosives and Incendiaries,47.2529,-122.444,,,,,,
2019,New York,New York City,Religious,0,Multiple,Unknown,40.7128,-74.006,,,,,,
2019,Pennsylvania,Pittsburgh,Religious,0,Religious Institutions,Explosives and Incendiaries,40.4406,-79.9959,,,,,,
2019,New York,New York City,Religious,0,Private Individuals,Explosives and Incendiaries,40.7142,-74.0064,,,,,,
2019,Georgia,Decatur,Violent Far-left,0,"Government, Military, and Police",Melee,33.7748,-84.2963,,,,,,
2019,Florida,Fort Pierce,Religious,0,Transportation and Infrastructure,Unknown,27.436064,-80.342302,,,,,,
2019,New Jersey,Basking Ridge,Ethnonationalist,0,Private Individuals,Firearms,40.7066,-74.5493,,,,,,
2019,California,Reseda,Religious,0,Multiple,Explosives and Incendiaries,34.2011,-118.536,,,,,,
2019,California,San Diego,Violent Far-left,0,Business,Explosives and Incendiaries,32.715695,-117.161719,,,,,,
2019,Florida,Miami,Religious,0,"Government, Military, and Police",Threats or Hoaxes,25.774591,-80.214195,,,,,,
2019,Montana,Bozeman,Religious,0,Multiple,Firearms,45.674185,-111.048506,,,,,,
2019,Maryland,Prince George's County,Religious,0,Private Individuals,Vehicle,38.7849,-76.8721,,,,,,
2019,New York,New York City,Religious,0,Unknown,Firearms,40.7128,-74.006,,,,,,
2019,Texas,Dallas,Religious,0,Unknown,Firearms,32.778155,-96.795404,,,,,,
2019,Georgia,Cumming,Religious,0,"Government, Military, and Police",Firearms,34.2073,-84.1402,,,,,,
2019,Puerto Rico,San Juan,Ethnonationalist,0,"Government, Military, and Police",Threats or Hoaxes,18.398465,-66.054534,,,,,,
2019,Arizona,Fountain Hill,Religious,0,"Government, Military, and Police",Melee,33.608117,-111.740086,,,,,,
2019,Washington D.C.,Washington D.C.,Violent Far-right,0,"Government, Military, and Police",Firearms,38.895,-77.0367,white supremacist,anti government,group,left,1.0,
2019,Minnesota,Cambridge,Violent Far-right,0,"Government, Military, and Police",Explosives and Incendiaries,45.5657,-93.2259,anti government,anti police,group,police,1.0,
2019,Washington,Kent,Violent Far-right,0,Other,Threats or Hoaxes,47.389076,-122.237154,anti semitic,,religious building,jewish,1.0,
2019,California,Esconcido,Violent Far-right,0,Religious Institutions,Explosives and Incendiaries,33.1192,-117.086,anti muslim,,religious building,jewish,,
2019,New York,New York City,Violent Far-right,0,Private Individuals,Threats or Hoaxes,40.7128,-74.006,anti semitic,anti lgbtq,religious building,jewish,,
2019,Oklahoma,Oklahoma City,Violent Far-right,0,Educational Institution,Threats or Hoaxes,35.472015,-97.520354,anti government,racist,building,education,1.0,
2019,Texas,Austin,Violent Far-right,0,Religious Institutions,Explosives and Incendiaries,30.2433,-97.6906,anti muslim,,individual,muslim,,
2019,Massachusetts,Arlington,Violent Far-right,0,Religious Institutions,Explosives and Incendiaries,42.4167,-71.15,anti semitic,,religious building,jewish,,
2019,Massachusetts,Arlington,Violent Far-right,0,Religious Institutions,Explosives and Incendiaries,42.4167,-71.15,anti semitic,,individual,jewish,,
2019,Connecticut,New Haven,Violent Far-right,0,Religious Institutions,Explosives and Incendiaries,41.3082,-72.9282,anti muslim,,religious building,muslim,,
2019,Illinois,Chicago,Violent Far-right,0,Religious Institutions,Explosives and Incendiaries,42.1117,-87.7417,anti semitic,,religious building,jewish,,
2019,Florida,Miami,Violent Far-right,0,Religious Institutions,Firearms,25.7617,-80.1918,anti semitic,,religious building,jewish,1.0,
2019,Ohio,,Violent Far-right,0,Private Individuals,Explosives and Incendiaries,40.9676,-80.967,racist,,individual,black,,
2019,California,Los Angeles,Violent Far-right,0,Private Individuals,Threats or Hoaxes,34.0522,-118.243,anti semitic,,religious building,jewish,1.0,
2019,Illinois,Lombard,Violent Far-right,0,Unknown,Explosives and Incendiaries,41.88,-88.0078,white supremacist,,group,,1.0,
2019,Illinois,Gurnee,Violent Far-right,0,Private Individuals,Melee,42.3703,-87.902,anti immigrant,,individual,immigrant,1.0,
2019,Kentucky,Independence,Violent Far-right,0,Abortion Related,Explosives and Incendiaries,38.9431,-84.5441,anti abortion,,building,abortion,1.0,
2019,Wisconsin,Milwaukee,Violent Far-right,0,Private Individuals,Other,43.0389,-87.9065,anti immigrant,,individual,immigrant,1.0,
2019,Georgia,Gainesville,Violent Far-right,0,Religious Institutions,Melee,34.2979,-83.8241,white supremacist,,religious building,black,1.0,
2019,Iowa,Des Moines,Violent Far-right,0,Private Individuals,Melee,40.9232,-91.1815,racist,,individual,immigrant,1.0,
2018,Maryland,Baltimore,Violent Far-right,0,Private Individuals,Firearms,39.4695,-76.8294,white supremacist,,individual,black,1.0,various
2018,Tennessee,Murfreesboro,Violent Far-right,1,Private Individuals,Explosives and Incendiaries,35.8456,-86.3903,white supremacist,,individual,black,1.0,
2018,Florida,Tallahassee,Violent Far-right,2,Business,Firearms,30.4383,-84.2807,incel,,individual,women,1.0,youtube
2018,California,Lake Forest,Violent Far-right,1,Private Individuals,Melee,33.63333333,-117.6833333,anti lgbtq,white supremacist,individual,lgbtq,1.0,various
2018,Pennsylvania,Pittsburgh,Violent Far-right,11,Religious Institutions,Firearms,40.45,-80.0,anti semitic,,religious building,jewish,1.0,gab
2018,Pennsylvania,Pittsburgh,Violent Far-right,1,Private Individuals,Melee,40.4406,-79.9959,white supremacist,,individual,black,1.0,facebook
2018,Florida,Pembroke Pines,Violent Far-right,0,Religious Institutions,Threats or Hoaxes,26.008058,-80.344965,anti muslim,,individual,muslim,1.0,facebook
2018,Florida,West Palm Beach,Violent Far-right,0,"Government, Military, and Police",Explosives and Incendiaries,26.1518563,-80.4558859,anti government,,group,left,1.0,facebook
2018,Ohio,Toledo,Religious,0,Religious Institutions,Firearms,41.6528,-83.5379,,,,,,
2018,Ohio,Toledo,Violent Far-left,0,Business,Explosives and Incendiaries,41.6528,-83.5379,,,,,,
2018,Washington D.C.,Washington D.C.,Other,0,Multiple,Explosives and Incendiaries,38.908642,-77.015381,,,,,,
2018,Oregon,Portland,Violent Far-left,0,"Government, Military, and Police",Threats or Hoaxes,45.511795,-122.675629,,,,,,
2018,New Mexico,Taos,Religious,0,"Government, Military, and Police",Firearms,36.389031,-105.583927,,,,,,
2018,Ohio,Cleveland,Religious,0,Private Individuals,Explosives and Incendiaries,41.5,-81.6667,,,,,,
2018,Texas,Plano,Religious,0,Private Individuals,Firearms,33.0198,-96.6989,,,,,,
2018,Florida,Palm Beach,Religious,1,Private Individuals,Melee,26.7056,-80.0364,,,,,,
2018,Florida,Fort Pierce,Religious,0,Multiple,Threats or Hoaxes,27.436064,-80.342302,,,,,,
2018,South Carolina,Anderson,Religious,0,Transportation and Infrastructure,Explosives and Incendiaries,34.522815,-82.655358,,,,,,
2018,Minnesota,,Religious,0,Educational Institution,Explosives and Incendiaries,44.88333333,-93.2,,,,,,
2018,Washington,Seattle,Violent Far-right,0,Private Individuals,Melee,47.3073,-122.228,racist,,individual,black,1.0,
2018,New Jersey,Orange,Violent Far-right,0,Abortion Related,Melee,40.7667,-74.2,anti abortion,,building,abortion,1.0,
2018,Tennessee,Memphis,Violent Far-right,0,"Government, Military, and Police",Threats or Hoaxes,35.106112,-89.987352,white supremacist,anti government,group,government,1.0,
2018,Wisconsin,Beaver Dam,Violent Far-right,0,Unknown,Explosives and Incendiaries,43.4578,-88.8373,white supremacist,,,,1.0,
2018,Maine,Biddeford,Violent Far-right,0,Private Individuals,Melee,43.4926,-70.4534,,,individual,black,2.0,
2018,California,Irvine,Violent Far-right,0,Private Individuals,Unknown,33.6846,-117.8265,anti semitic,,individual,jewish,1.0,
2018,West Virginia,Manassas,Violent Far-right,0,Private Individuals,Melee,38.6242509,-82.1645889,anti immigrant,racist,individual,immigrant,2.0,
2018,Florida,Miami,Violent Far-right,0,Private Individuals,Explosives and Incendiaries,25.7907,-80.13,anti semitic,,individual,jewish,1.0,
2018,California,Watsonville,Violent Far-right,0,Abortion Related,Explosives and Incendiaries,36.9102,-121.7569,anti abortion,,building,abortion,,
2018,Washington,Burien,Violent Far-right,0,"Government, Military, and Police",Melee,47.4704,-122.347,anti immigrant,,individual,government,1.0,
2018,Indiana,Carmel,Violent Far-right,0,Religious Institutions,Explosives and Incendiaries,39.9784,-86.118,white supremacist,anti semitic,religious building,jewish,1.0,
2018,Arkansas,Pine Bluff,Violent Far-right,0,"Government, Military, and Police",Threats or Hoaxes,34.213869,-92.017879,anti government,,individual,government,1.0,
2018,California,Holy Jim,Violent Far-right,0,"Government, Military, and Police",Explosives and Incendiaries,33.6769,-117.776,anti government,,building,government,1.0,
2018,Massachusetts,Boston,Violent Far-right,0,Journalists and Media,Threats or Hoaxes,42.350265,-71.080976,other,anti journalism,individual,media,1.0,
2018,South Carolina,Charleston,Violent Far-right,0,Private Individuals,Melee,32.7766,-79.9309,anti lgbtq,,individual,lgbtq,1.0,
2018,Massachusetts,Essex,Violent Far-right,0,Business,Firearms,42.26,-71.812,racist,,individual,black,1.0,
2018,Puerto Rico,San German,Violent Far-right,0,Religious Institutions,Threats or Hoaxes,18.081736,-67.04667,anti semitic,racist,group,jewish,1.0,
2018,Kentucky,Jeffersontown,Violent Far-right,2,Private Individuals,Firearms,38.207587,-85.569676,racist,,group,black,1.0,
2017,"Florida, Tennessee, Georgia, New Jersey, South Carolina, Delaware",,Violent Far-right,0,Religious Institutions,Threats or Hoaxes,,,anti semitic,,building,education,1.0,various
2017,Florida,Tampa,Violent Far-right,0,Unknown,Explosives and Incendiaries,27.9506,-82.4572,white supremacist,,government building,,,various
2017,Florida,Tampa,Violent Far-right,0,Transportation and Infrastructure,Explosives and Incendiaries,28.088985,-82.403127,white supremacist,,individual,white,,various
2017,California,Los Angeles,Violent Far-right,0,Private Individuals,Melee,34.097866,-118.407379,white supremacist,,demonstration,social justice,3.0,various
2017,Missouri,Kansas City,Violent Far-right,0,Private Individuals,Firearms,39.176086,-94.574127,anti lgbtq,,individual,lgbtq,,
2017,Kansas,Olathe,Violent Far-right,1,Private Individuals,Firearms,38.853889,-94.781111,white supremacist,anti immigrant,individual,immigrant,1.0,
2017,Washington,Kent,Violent Far-right,0,Private Individuals,Firearms,47.403401,-122.174519,anti muslim,anti immigrant,individual,immigrant,,
2017,New York,New York City,Violent Far-right,0,Private Individuals,Melee,40.7142,-74.0064,anti asian,white supremacist,individual,asian,,
2017,Missouri,Kansas City,Violent Far-right,0,"Government, Military, and Police",Other,39.176086,-94.574127,anti government,,government building,,,
2017,Louisiana,Baton Rouge,Violent Far-right,1,Private Individuals,Firearms,30.449998,-91.154152,white supremacist,,individual,black,1.0,
2017,Louisiana,Baton Rouge,Violent Far-right,1,Private Individuals,Firearms,30.420015,-91.184493,white supremacist,,individual,black,1.0,
2017,Texas,Victoria,Violent Far-right,0,Religious Institutions,Explosives and Incendiaries,28.819306,-97.003321,anti muslim,,religious building,muslim,1.0,facebook
2017,New Mexico,Aztec,Violent Far-right,2,Educational Institution,Firearms,36.820666,-107.990818,white supremacist,incel,building,education,1.0,various
2017,Kentucky,Lexington,Violent Far-right,0,Private Individuals,Melee,38.052751,-84.493642,anti left,,group,left,1.0,various
2017,South Carolina,Conway,Violent Far-right,0,Unknown,,33.7093,-78.8847,white supremacist,,religious building,jewish,1.0,facebook
2017,Florida,Port St. Lucie,Violent Far-right,0,Business,Explosives and Incendiaries,27.31804,-80.349962,anti muslim,anti immigrant,building,immigrant,1.0,
2017,Minnesota,Bloomington,Violent Far-right,0,Religious Institutions,Explosives and Incendiaries,44.854703,-93.264384,anti muslim,,religious building,muslim,3.0,youtube
2017,Nebraska,Beaver City,Violent Far-right,0,Transportation and Infrastructure,Other,40.1765,-99.9123,white supremacist,conspiracy theorist,group,black,1.0,various
2017,Virginia,Charlottesville,Violent Far-right,1,Private Individuals,Vehicle,38.029474,-78.479616,white supremacist,,demonstration,social justice,1.0,instagram
2017,New York,New York City,Violent Far-right,1,Private Individuals,Melee,40.697132,-73.931351,white supremacist,,individual,black,1.0,various
2017,Oregon,Portland,Violent Far-right,2,Private Individuals,Melee,45.533293,-122.65353,anti muslim,,individual,muslim,,facebook
2017,Illinois,Chicago,Violent Far-right,0,Religious Institutions,Melee,41.8814,-87.6314,anti semitic,,religious building,jewish,1.0,facebook
2017,Washington D.C.,Washington D.C.,Violent Far-right,0,Unknown,,38.9507,-77.0014,white supremacist,,group,white,,facebook
2017,Florida,Jacksonville,Violent Far-right,0,Unknown,,30.2947,-81.3931,anti muslim,,individual,muslim,1.0,facebook
2017,California,Modesto,Religious,0,Private Individuals,Explosives and Incendiaries,37.663182,-120.999254,,,,,,
2017,New York,New York City,Religious,0,Transportation and Infrastructure,Explosives and Incendiaries,40.697132,-73.931351,,,,,,
2017,Texas,Houston,Religious,0,Unknown,Unknown,29.813822,-95.365295,,,,,,
2017,North Carolina,Vale,Violent Far-left,0,Religious Institutions,Explosives and Incendiaries,35.630842,-81.43925,,,,,,
2017,New York,New York City,Religious,8,Private Individuals,Vehicle,40.697132,-73.931351,,,,,,
2017,Florida,Miami,Religious,0,Multiple,Explosives and Incendiaries,25.774591,-80.214195,,,,,,
2017,Texas,Houston,Violent Far-left,0,Private Individuals,Explosives and Incendiaries,29.813822,-95.365295,,,,,,
2017,Florida,Kissimmee,Violent Far-left,2,"Government, Military, and Police",Firearms,28.292,-81.4076,,,,,,
2017,Pennsylvania,Campbelltown,Violent Far-left,0,Business,Explosives and Incendiaries,40.256896,-76.581134,,,,,,
2017,Pennsylvania,Campbelltown,Violent Far-left,0,Business,Explosives and Incendiaries,40.256711,-76.581162,,,,,,
2017,Hawaii,Honolulu,Religious,0,Private Individuals,Firearms,21.299174,-157.780289,,,,,,
2017,Michigan,Flint,Religious,0,"Government, Military, and Police",Melee,42.973383,-83.738903,,,,,,
2017,Virginia,Alexandria,Violent Far-left,0,"Government, Military, and Police",Firearms,38.821582,-77.053422,,,,,,
2017,Alabama,Huntsville,Religious,0,"Government, Military, and Police",Explosives and Incendiaries,34.733402,-86.597544,,,,,,
2017,New York,New York City,Religious,0,Multiple,Unknown,40.7128,-74.006,,,,,,
2017,California,Fresno,Violent Far-left,3,Private Individuals,Firearms,36.747696,-119.798892,,,,,,
2017,North Dakota,Nome,Violent Far-left,0,Private Individuals,Explosives and Incendiaries,46.679696,-97.810146,,,,,,
2017,New York,New York City,Religious,0,Unknown,Explosives and Incendiaries,40.7128,-74.006,,,,,,
2017,Kansas,,Religious,0,Unknown,Explosives and Incendiaries,39.1142,-94.6275,,,,,,
2017,Colorado,Denver,Religious,1,"Government, Military, and Police",Firearms,39.758968,-104.876305,,,,,,
2017,Florida,Fort Lauderdale,Religious,5,Transportation and Infrastructure,Firearms,26.071231,-80.145668,,,,,,
2017,Illinois,Chicago,Violent Far-right,0,Private Individuals,Melee,41.842602,-87.681229,other,,individual,white,,
2017,Texas,Fort Worth,Violent Far-right,0,Religious Institutions,Explosives and Incendiaries,32.713541,-97.355277,racist,,religious building,white,,
2017,Colorado,Denver,Violent Far-right,0,Business,Threats or Hoaxes,39.71,-104.73,anti immigrant,,group,immigrant,,
2017,Iowa,Ames,Violent Far-right,0,Private Individuals,Threats or Hoaxes,42.032687,-93.63152,anti lgbtq,,individual,lgbtq,1.0,
2017,New Hampshire,Manchester,Violent Far-right,0,Business,Explosives and Incendiaries,42.993611,-71.486401,white supremacist,,building,immigrant,,
2017,Mississippi,Jackson,Violent Far-right,0,Private Individuals,Explosives and Incendiaries,32.298757,-90.18481,white supremacist,,individual,black,,
2017,Florida,Thonotosassa,Violent Far-right,0,Religious Institutions,Explosives and Incendiaries,28.148307,-82.280547,anti muslim,,religious building,muslim,,
2017,Kentucky,Lexington,Violent Far-right,0,Religious Institutions,Threats or Hoaxes,37.9886892,-84.4777153,anti muslim,,religious building,muslim,,
2017,Georgia,,Violent Far-right,0,Religious Institutions,Threats or Hoaxes,33.749,-84.388,racist,anti immigrant,religious building,muslim,,
2017,Minnesota,Delano,Violent Far-right,0,Private Individuals,Threats or Hoaxes,45.0419,-93.7891,white supremacist,,individual,black,,
2017,Oregon,Troutdale,Violent Far-right,0,Private Individuals,Threats or Hoaxes,45.5393,-122.387,anti muslim,,individual,immigrant,,
2017,Virginia,Huntington,Violent Far-right,0,Private Individuals,Melee,38.7923,-77.0708,anti muslim,,individual,muslim,,
2017,North Carolina,Charlotte,Violent Far-right,0,Private Individuals,Explosives and Incendiaries,35.203377,-80.74943,white supremacist,anti immigrant,building,immigrant,1.0,
2017,Texas,Austin,Violent Far-right,0,Unknown,,30.2433,-97.6906,anti government,,group,police,1.0,
2017,California,Vacaville,Violent Far-right,0,Private Individuals,Explosives and Incendiaries,38.354542,-121.989794,white supremacist,,individual,black,,
2017,New York,New York City,Violent Far-right,0,Religious Institutions,Firearms,40.697132,-73.931351,anti muslim,,religious building,muslim,,
2017,New York,New York City,Violent Far-right,0,Private Individuals,Explosives and Incendiaries,40.697132,-73.931351,anti semitic,,individual,jewish,,
2017,Texas,Dallas,Violent Far-right,0,Private Individuals,Explosives and Incendiaries,32.762122,-96.774511,anti lgbtq,,building,lgbtq,,
2017,Oklahoma,Oklahoma City,Violent Far-right,0,Business,Explosives and Incendiaries,35.472015,-97.520354,anti government,,government building,,1.0,
2017,Louisiana,Baton Rouge,Violent Far-right,0,Private Individuals,Firearms,30.451468,-91.187147,white supremacist,,individual,black,1.0,
2017,Illinois,Chicago,Violent Far-right,0,Abortion Related,Threats or Hoaxes,41.842602,-87.681229,anti abortion,,building,abortion,1.0,
2017,North Carolina,Fletcher,Violent Far-right,0,Transportation and Infrastructure,Explosives and Incendiaries,35.437653,-82.537256,anti government,,government building,,1.0,
2017,Washington,Spokane,Violent Far-right,0,Private Individuals,Firearms,47.679135,-117.402209,white supremacist,,individual,black,2.0,
2017,Louisiana,Richland Parish,Violent Far-right,0,Religious Institutions,Explosives and Incendiaries,32.419801,-91.763649,white supremacist,,religious building,black,1.0,
2017,Illinois,Champaign,Violent Far-right,0,Abortion Related,Explosives and Incendiaries,40.087687,-88.246841,anti abortion,anti government,building,abortion,,
2016,Washington,Olympia,Violent Far-right,0,Private Individuals,Melee,47.0379,-122.901,white supremacist,,individual,black,,various
2016,California,Anaheim,Violent Far-right,0,Private Individuals,Melee,33.8333,-117.9,white supremacist,,demonstration,social justice,1.0,
2016,Wisconsin,Milwaukee,Violent Far-right,3,Private Individuals,Firearms,43.0389,-87.9065,racist,anti immigrant,individual,immigrant,1.0,
2016,California,San Rafael,Violent Far-right,0,Private Individuals,Explosives and Incendiaries,37.2153,-119.664,anti immigrant,,group,hispanic,1.0,
2016,Oklahoma,Tulsa,Violent Far-right,1,Private Individuals,Firearms,36.1539816,-95.992775,racist,anti immigrant,individual,muslim,,
2016,New York,Mount Sinai,Violent Far-right,0,Unknown,Firearms,40.9470432,-73.0295495,white supremacist,anti semitic,,,2.0,various
2016,Massachusetts,Salem,Violent Far-right,0,Journalists and Media,Explosives and Incendiaries,42.521477,-70.895532,anti lgbtq,,,,2.0,
2016,West Virginia,Great Cacapon,Violent Far-right,3,Private Individuals,Firearms,39.5604332,-78.2577317,anti government,,individual,,1.0,facebook
2016,Florida,Fort Pierce,Violent Far-right,0,Religious Institutions,Explosives and Incendiaries,27.374522,-80.337837,anti muslim,,religious building,muslim,1.0,facebook
2016,Kansas,Garden City,Violent Far-right,0,Private Individuals,Explosives and Incendiaries,38.4847,-98.3802,anti muslim,,religious building,muslim,3.0,facebook
2016,Texas,Dallas,Violent Far-right,0,Journalists and Media,Other,32.776664,-96.796988,anti semitic,anti journalism,individual,jewish,1.0,twitter
2016,Arizona,,Religious,0,Unknown,Firearms,33.4484,-112.074,,,,,,
2016,Ohio,Columbus,Religious,0,Private Individuals,Melee,40.00329,-83.011421,,,,,,
2016,Tennessee,,Violent Far-left,0,Educational Institution,Threats or Hoaxes,35.1029,-89.9934,,,,,,
2016,Iowa,Buena Vista County,Violent Far-left,0,Business,Explosives and Incendiaries,42.670545,-95.143207,,,,,,
2016,North Carolina,Hillsborough,Violent Far-left,0,Private Individuals,Explosives and Incendiaries,36.060668,-79.101578,,,,,,
2016,Iowa,Reasnor,Violent Far-left,0,Business,Explosives and Incendiaries,41.578663,-93.022688,,,,,,
2016,Colorado,Nederland,Violent Far-left,0,Transportation and Infrastructure,Explosives and Incendiaries,39.962515,-105.512,,,,,,
2016,Utah,Kane County,Violent Far-left,0,Transportation and Infrastructure,Firearms,37.294173,-112.00644,,,,,,
2016,New York,New York City,Religious,0,Private Individuals,Explosives and Incendiaries,40.697132,-73.931351,,,,,,
2016,Minnesota,St. Cloud,Religious,0,Business,Melee,45.555575,-94.210178,,,,,,
2016,Iowa,Reasnor,Violent Far-left,0,Transportation and Infrastructure,Explosives and Incendiaries,41.577354,-93.024003,,,,,,
2016,Iowa,Newton,Violent Far-left,0,Transportation and Infrastructure,Explosives and Incendiaries,41.703318,-93.057353,,,,,,
2016,Iowa,Oskaloosa,Violent Far-left,0,Transportation and Infrastructure,Explosives and Incendiaries,41.291673,-92.649359,,,,,,
2016,Ohio,,Violent Far-left,0,"Government, Military, and Police",Explosives and Incendiaries,41.5,-81.66666667,,,,,,
2016,Florida,Daytona Beach,Violent Far-left,0,"Government, Military, and Police",Explosives and Incendiaries,29.200533,-81.034508,,,,,,
2016,Louisiana,Baton Rouge,Violent Far-left,3,"Government, Military, and Police",Firearms,30.433483,-91.080857,,,,,,
2016,Tennessee,Bristol,Violent Far-left,1,"Government, Military, and Police",Firearms,36.58886,-82.185961,,,,,,
2016,Texas,Dallas,Violent Far-left,5,"Government, Military, and Police",Firearms,32.779578,-96.804259,,,,,,
2016,Missouri,St. Louis,Violent Far-left,0,Religious Institutions,Explosives and Incendiaries,38.656298,-90.413024,,,,,,
2016,Virginia,,Religious,0,Unknown,Firearms,39.0062204,-77.4285992,,,,,,
2016,Indiana,Crown Point,Religious,0,Private Individuals,Unknown,41.420192,-87.351101,,,,,,
2016,Nevada,,Violent Far-left,0,"Government, Military, and Police",Firearms,36.21,-115.22,,,,,,
2016,Florida,Orlando,Religious,49,Business,Firearms,28.519601,-81.376794,,,,,,
2016,Washington,Seattle,Violent Far-left,0,"Government, Military, and Police",Explosives and Incendiaries,47.610786,-122.331306,,,,,,
2016,New York,New York City,Religious,0,Private Individuals,Explosives and Incendiaries,40.7128,-74.006,,,,,,
2016,Massachusetts,Tyngsborough,Violent Far-left,0,Transportation and Infrastructure,Explosives and Incendiaries,42.691279,-71.438679,,,,,,
2016,Ohio,Columbus,Religious,0,Business,Melee,40.064024,-82.863818,,,,,,
2016,Wisconsin,,Religious,0,Religious Institutions,Firearms,43.0389,-87.9065,,,,,,
2016,Pennsylvania,Philadelphia,Religious,0,"Government, Military, and Police",Firearms,40.008171,-75.13549,,,,,,
2016,Oregon,Princeton,Violent Far-right,0,"Government, Military, and Police",Firearms,43.265841,-118.844083,anti government,,government building,,7.0,
2016,New York,New York City,Violent Far-right,0,Private Individuals,Melee,40.697132,-73.931351,anti muslim,,individual,muslim,,
2016,Pennsylvania,,Violent Far-right,0,Religious Institutions,Threats or Hoaxes,39.9523,-75.1638,anti semitic,,building,education,,
2016,California,Lake Los Angeles,Violent Far-right,0,Private Individuals,Melee,34.605975,-117.829953,white supremacist,,individual,immigrant,3.0,
2016,Washington,Spokane Valley,Violent Far-right,0,Religious Institutions,Melee,47.6667,-117.233,anti muslim,,religious building,sikh,1.0,
2016,Idaho,Bonners Ferry,Violent Far-right,0,Religious Institutions,Explosives and Incendiaries,48.684131,-116.316826,other,,religious building,black,1.0,
2016,Iowa,Iowa City,Violent Far-right,0,Private Individuals,Melee,43.464509,-91.2953083,racist,,,,,
2016,California,Modesto,Violent Far-right,0,Abortion Related,Explosives and Incendiaries,37.664764,-120.994427,anti abortion,,building,abortion,,
2016,Mount Trumbull,Arizona,Violent Far-right,0,"Government, Military, and Police",Explosives and Incendiaries,39.7102,-111.836,anti government,,government building,,1.0,
2016,Texas,College Station,Violent Far-right,0,Religious Institutions,Firearms,30.62228,-96.347518,anti muslim,,building,education,,
2016,Washington,Kettle Falls,Violent Far-right,0,Private Individuals,Melee,48.6107,-118.056,anti muslim,,individual,immigrant,1.0,
2016,Florida,Tampa,Violent Far-right,0,Religious Institutions,Explosives and Incendiaries,27.987652,-82.550249,anti muslim,,religious building,muslim,,
2016,Florida,Tampa,Violent Far-right,0,Religious Institutions,Explosives and Incendiaries,28.032289,-82.408025,anti muslim,,religious building,muslim,,
2016,New York,New City,Violent Far-right,0,Religious Institutions,Explosives and Incendiaries,41.154049,-73.990929,anti semitic,,individual,jewish,,
2016,Indiana,Greenwood,Violent Far-right,0,Unknown,Firearms,39.6137,-86.1067,anti government,,,,,
2016,Indiana,Fort Wayne,Violent Far-right,1,Private Individuals,Melee,40.9785,-85.1952,white supremacist,,individual,black,,
2016,Nevada,Las Vegas,Violent Far-right,0,Religious Institutions,Explosives and Incendiaries,36.197294,-115.131528,racist,,religious building,black,,
2016,Florida,Miami,Violent Far-right,0,Private Individuals,Explosives and Incendiaries,25.4687224,-80.4775569,anti lgbtq,,individual,lgbtq,,
2016,Missouri,Kansas City,Violent Far-right,0,Religious Institutions,Explosives and Incendiaries,39.176086,-94.574127,anti muslim,,religious building,muslim,,
2016,Alabama,,Violent Far-right,0,"Government, Military, and Police",,31.4026272,-85.988207,anti government,conspiracy theorist,building,education,,
2016,California,Ronaldo,Violent Far-right,0,Private Individuals,Melee,32.7153,-117.157,anti muslim,,individual,muslim,3.0,
2016,Pennsylvania,Philadelphia,Violent Far-right,0,Private Individuals,Melee,40.0382,-75.3446,white supremacist,,individual,black,,
2016,New Mexico,Albuquerque,Violent Far-right,0,Business,Explosives and Incendiaries,35.091952,-106.586558,other,,building,,,
2016,New York,New York City,Violent Far-right,0,Private Individuals,Melee,40.7532,-73.9765,anti muslim,,individual,muslim,,
2015,Minnesota,Minneapolis,Violent Far-right,0,Private Individuals,Firearms,44.964985,-93.260193,white supremacist,,demonstration,BLM,1.0,youtube
2015,California,Coachella,Violent Far-right,0,Religious Institutions,Explosives and Incendiaries,33.69288,-116.187442,anti muslim,,individual,muslim,1.0,various
2015,Illinois,,Violent Far-right,1,Private Individuals,Melee,40.6936,-89.589,other,,individual,immigrant,,
2015,Colorado,Colorado Springs,Violent Far-right,3,Abortion Related,Firearms,38.864281,-104.778412,anti abortion,,building,abortion,1.0,
2015,South Carolina,Charleston,Violent Far-right,9,Religious Institutions,Firearms,32.787474,-79.933101,white supremacist,,religious building,black,1.0,various
2015,North Carolina,,Violent Far-right,1,Private Individuals,Firearms,35.4035,-77.9447,white supremacist,incel,individual,lgbtq,1.0,facebook
2015,Texas,,Violent Far-right,0,Religious Institutions,Threats or Hoaxes,29.7633,-95.3633,anti muslim,,individual,muslim,1.0,facebook
2015,California,,Violent Far-right,0,Unknown,,37.9358,-122.348,anti muslim,,individual,muslim,1.0,facebook
2015,Oregon,Roseburg,Violent Far-right,9,Educational Institution,Firearms,43.288981,-123.333302,white supremacist,incel,building,education,1.0,various
2015,Louisiana,Lafayette,Violent Far-right,2,Business,Firearms,30.201966,-92.045686,white supremacist,anti government,group,,1.0,various
2015,New York,Rochester,Religious,0,Business,Unknown,43.183991,-77.603357,,,,,,
2015,Pennsylvania,,Religious,0,Unknown,Firearms,40.259,-76.8319,,,,,,
2015,Maryland,,Religious,0,Unknown,Unknown,39.294114,-76.741194,,,,,,
2015,California,San Bernardino,Religious,14,"Government, Military, and Police",Explosives and Incendiaries,34.07577,-117.277924,,,,,,
2015,California,Merced,Religious,0,Educational Institution,Melee,37.365797,-120.424771,,,,,,
2015,Mississippi,Tupelo,Violent Far-left,0,Business,Explosives and Incendiaries,34.308638,-88.709435,,,,,,
2015,Texas,Bullard,Religious,0,Religious Institutions,Firearms,32.137933,-95.323685,,,,,,
2015,Missouri,Buffalo,Religious,0,"Government, Military, and Police",Threats or Hoaxes,37.643883,-93.099816,,,,,,
2015,Florida,,Religious,0,Transportation and Infrastructure,Explosives and Incendiaries,24.5557,-81.7826,,,,,,
2015,Tennessee,Chattanooga,Religious,0,"Government, Military, and Police",Firearms,35.031789,-85.184718,,,,,,
2015,Tennessee,Chattanooga,Religious,5,"Government, Military, and Police",Firearms,35.095083,-85.253424,,,,,,
2015,Massachusetts,,Religious,0,Unknown,Explosives and Incendiaries,42.6242,-73.1176,,,,,,
2015,West Virginia,,Religious,0,Unknown,Firearms,39.629526,-79.9558968,,,,,,
2015,New York,New York City,Religious,0,"Government, Military, and Police",Melee,40.7128,-74.006,,,,,,
2015,Massachusetts,,Religious,0,"Government, Military, and Police",Melee,42.2912,-71.1245,,,,,,
2015,Multiple,,Religious,0,Transportation and Infrastructure,Threats or Hoaxes,,,,,,,,
2015,Texas,Garland,Religious,0,Private Individuals,Firearms,32.959034,-96.641877,,,,,,
2015,Kansas,,Religious,0,"Government, Military, and Police",Explosives and Incendiaries,39.1532532,-96.5628309,,,,,,
2015,New York,,Religious,0,Unknown,Explosives and Incendiaries,40.68139,-73.83694,,,,,,
2015,North Carolina,Charlotte,Religious,0,Unknown,Unknown,35.227176,-80.83013,,,,,,
2015,Illinois,,Religious,0,"Government, Military, and Police",Unknown,41.84,-87.68,,,,,,
2015,Nevada,Reno,Violent Far-left,0,Business,Explosives and Incendiaries,39.530155,-119.8142,,,,,,
2015,Ohio,Kent,Violent Far-left,0,"Government, Military, and Police",Explosives and Incendiaries,41.151766,-81.348654,,,,,,
2015,Ohio,,Religious,0,"Government, Military, and Police",Firearms,39.162,-84.4569,,,,,,
2015,Texas,Houston,Violent Far-right,0,Religious Institutions,Explosives and Incendiaries,29.7632836,-95.3632715,anti muslim,,religious building,muslim,1.0,
2015,Florida,Melbourne,Violent Far-right,0,Religious Institutions,Explosives and Incendiaries,28.122223,-80.689149,racist,,religious building,black,1.0,
2015,Washington D.C.,Washington D.C.,Violent Far-right,0,Religious Institutions,Melee,38.9112,-76.9847,anti muslim,,religious building,muslim,1.0,
2015,Tennessee,,Violent Far-right,0,Religious Institutions,,35.1225727,-85.3438488,anti muslim,,individual,muslim,1.0,
2015,Georgia,Macon,Violent Far-right,0,Religious Institutions,Explosives and Incendiaries,32.823281,-83.664394,racist,,religious building,black,,
2015,North Carolina,Charlotte,Violent Far-right,0,Religious Institutions,Explosives and Incendiaries,35.213923,-80.790063,racist,,religious building,black,,
2015,Texas,Houston,Violent Far-right,0,Religious Institutions,Explosives and Incendiaries,29.813822,-95.365295,racist,,religious building,black,,
2015,Illinois,Aurora,Violent Far-right,0,Abortion Related,Explosives and Incendiaries,41.758165,-88.239197,anti abortion,,building,abortion,,
2015,South Carolina,,Violent Far-right,0,Religious Institutions,Firearms,32.7342,-79.9408,racist,,religious building,black,,
2015,South Carolina,,Violent Far-right,0,Religious Institutions,Firearms,32.7342,-79.9408,racist,,religious building,black,,
2015,Louisiana,New Orleans,Violent Far-right,0,Abortion Related,Explosives and Incendiaries,29.950112,-90.096663,anti abortion,,building,abortion,,
2015,New York,,Violent Far-right,0,Religious Institutions,Explosives and Incendiaries,43.3278,-78.1909,anti muslim,,religious building,muslim,,
2015,Washington,Pullman,Violent Far-right,0,Abortion Related,Explosives and Incendiaries,46.715956,-117.179453,anti abortion,,building,abortion,,
2015,California,Thousand Oaks,Violent Far-right,0,Abortion Related,Explosives and Incendiaries,34.184851,-118.90688,anti abortion,,building,abortion,,
2015,Missouri,,Violent Far-right,0,Religious Institutions,Explosives and Incendiaries,38.7192175,-90.2603903,racist,,religious building,black,,
2015,California,Ingelwood,Violent Far-right,0,Private Individuals,Melee,33.959535,-118.348342,anti muslim,,individual,immigrant,1.0,
2015,Virginia,,Violent Far-right,0,Unknown,,37.3785,-77.5869,white supremacist,,religious building,black,2.0,
2015,Connecticut,Meriden,Violent Far-right,0,Religious Institutions,Firearms,41.519714,-72.840257,anti muslim,,religious building,muslim,1.0,
2015,North Carolina,,Violent Far-right,0,Private Individuals,Melee,35.2271,-80.8431,anti muslim,,individual,muslim,,
2015,Virginia,Falls Church,Violent Far-right,0,Religious Institutions,Explosives and Incendiaries,38.861472,-77.146621,anti muslim,,individual,muslim,1.0,
2015,Pennsylvania,,Violent Far-right,0,Private Individuals,Firearms,40.45,-80.0,anti muslim,,individual,muslim,1.0,
2015,Virginia,,Violent Far-right,0,Religious Institutions,Threats or Hoaxes,38.748,-77.4839,anti muslim,,individual,muslim,,
2015,New York,New York City,Violent Far-right,0,Private Individuals,Melee,40.697132,-73.931351,anti muslim,,individual,muslim,1.0,
2015,North Dakota,Grand Forks,Violent Far-right,0,Business,Explosives and Incendiaries,47.900053,-97.044649,anti muslim,,individual,muslim,1.0,
2015,California,Tracy,Violent Far-right,0,Religious Institutions,Explosives and Incendiaries,37.764563,-121.452503,anti muslim,,individual,muslim,,
2014,Oregon,,Violent Far-left,0,Private Individuals,Other,44.0001,-120.501,,,,,,
2014,New York,New York City,Violent Far-left,2,"Government, Military, and Police",Firearms,40.697132,-73.931351,,,,,,
2014,North Carolina,Morganton,Religious,1,Private Individuals,Firearms,35.745407,-81.684819,,,,,,
2014,New York,,Violent Far-right,0,Private Individuals,Melee,40.65,-73.95,,,,,,
2014,California,Los Angeles,Violent Far-left,0,Private Individuals,Explosives and Incendiaries,34.097866,-118.407379,,,,,,
2014,Texas,Austin,Violent Far-right,0,"Government, Military, and Police",Firearms,30.283581,-97.698654,,,,,,
2014,Oregon,Pendleton,Violent Far-right,0,Private Individuals,Explosives and Incendiaries,45.672075,-118.788597,,,,,,
2014,California,Coachella,Violent Far-right,0,Religious Institutions,Firearms,33.693175,-116.18749,,,,,,
2014,New Mexico,Albuquerque,Violent Far-right,0,Religious Institutions,Explosives and Incendiaries,35.068259,-106.62154,,,,,,
2014,New York,New York City,Religious,0,"Government, Military, and Police",Melee,40.697132,-73.931351,,,,,,
2014,Pennsylvania,Blooming Grove,Violent Far-left,1,"Government, Military, and Police",Firearms,41.370121,-75.154073,,,,,,
2014,Missouri,Kansas City,Violent Far-left,0,"Government, Military, and Police",Explosives and Incendiaries,39.176086,-94.574127,,,,,,
2014,Texas,Corinth,Violent Far-right,0,"Government, Military, and Police",Explosives and Incendiaries,33.15407,-97.064381,,,,,,
2014,New Jersey,West Orange,Religious,4,Private Individuals,Firearms,40.798588,-74.238395,,,,,,
2014,Nevada,Las Vegas,Violent Far-right,3,"Government, Military, and Police",Firearms,36.211296,-115.247536,,,,,,
2014,Georgia,Cumming,Violent Far-right,0,"Government, Military, and Police",Explosives and Incendiaries,34.206408,-84.13969,,,,,,
2014,New Mexico,,Violent Far-right,1,Private Individuals,Melee,35.0845,-106.651,,,,,,
2014,Ohio,Columbus,Religious,0,Unknown,Unknown,39.991762,-82.996293,,,,,,
2014,California,Isla Vista,Violent Far-right,6,Private Individuals,Firearms,34.411929,-119.858282,,,,,,
2014,West Virginia,Weirton,Violent Far-left,0,"Government, Military, and Police",Explosives and Incendiaries,40.40803,-80.588972,,,,,,
2014,Kansas,Overland Park,Violent Far-right,3,Religious Institutions,Firearms,38.982228,-94.670792,,,,,,
2014,Nevada,Bunkerville,Violent Far-right,0,"Government, Military, and Police",Firearms,36.7684,-114.1281,,,,,,
2014,Illinois,Orland Park,Violent Far-right,0,Religious Institutions,Firearms,41.630557,-87.854074,,,,,,
2014,Mississippi,Hattiesburg,Violent Far-right,0,Religious Institutions,Firearms,31.32747,-89.327765,,,,,,
2013,Kansas,,Religious,0,Transportation and Infrastructure,Explosives and Incendiaries,37.65,-97.433,,,,,,
2013,California,Los Angeles,Violent Far-right,1,Transportation and Infrastructure,Firearms,34.097866,-118.407379,,,,,,
2013,Missouri,Joplin,Violent Far-right,0,Abortion Related,Explosives and Incendiaries,37.083284,-94.502838,,,,,,
2013,Oregon,Coos Bay,Violent Far-left,0,Religious Institutions,Explosives and Incendiaries,43.375245,-124.224996,,,,,,
2013,Oregon,Coos Bay,Violent Far-left,0,Private Individuals,Explosives and Incendiaries,43.366501,-124.21789,,,,,,
2013,Oregon,Portland,Violent Far-left,0,Private Individuals,Explosives and Incendiaries,45.545339,-122.661681,,,,,,
2013,New Hampshire,Manchester,Violent Far-right,0,Religious Institutions,Explosives and Incendiaries,42.995673,-71.454741,,,,,,
2013,Colorado,,Violent Far-right,0,"Government, Military, and Police",Firearms,39.1589,-108.729,,,,,,
2013,Minnesota,,Violent Far-right,0,Unknown,Firearms,44.9425,-95.7236,,,,,,
2013,Massachusetts,Watertown,Religious,1,"Government, Military, and Police",Explosives and Incendiaries,42.370888,-71.182911,,,,,,
2013,Massachusetts,Cambridge,Religious,1,Educational Institution,Firearms,42.359606,-71.093134,,,,,,
2013,Massachusetts,Boston,Religious,2,Private Individuals,Explosives and Incendiaries,42.350265,-71.080976,,,,,,
2013,Florida,,Violent Far-right,0,"Government, Military, and Police",Firearms,30.6929038,-87.0184494,,,,,,
2013,Washington,Seattle,Violent Far-left,0,Business,Explosives and Incendiaries,47.610786,-122.331306,,,,,,
2012,New York,,Violent Far-right,0,Unknown,Explosives and Incendiaries,40.7142,-74.0064,,,,,,
2012,Florida,,Religious,0,Unknown,Other,26.08333333,-80.11666667,,,,,,
2012,California,,Religious,0,Unknown,Unknown,33.9945,-117.398,,,,,,
2012,New York,,Religious,0,"Government, Military, and Police",Explosives and Incendiaries,40.7142,-74.0064,,,,,,
2012,Ohio,Perrysburg,Violent Far-right,0,Religious Institutions,Firearms,41.528165,-83.618569,,,,,,
2012,Illinois,,Religious,0,Business,Explosives and Incendiaries,41.84,-87.68,,,,,,
2012,Washington D.C.,Washington D.C.,Violent Far-right,0,Abortion Related,Firearms,38.908642,-77.015381,,,,,,
2012,Missouri,Joplin,Violent Far-right,0,Religious Institutions,Explosives and Incendiaries,37.056467,-94.536324,,,,,,
2012,Wisconsin,Oak Creek,Violent Far-right,6,Religious Institutions,Firearms,42.88585,-87.863136,,,,,,
2012,Virginia,,Violent Far-left,0,Private Individuals,Other,38.4079,-78.6236,,,,,,
2012,Missouri,Joplin,Violent Far-right,0,Religious Institutions,Explosives and Incendiaries,37.084227,-94.513281,,,,,,
2012,Texas,Plano,Violent Far-right,0,Transportation and Infrastructure,Explosives and Incendiaries,33.019843,-96.698886,,,,,,
2012,Georgia,Marietta,Violent Far-right,0,Abortion Related,Explosives and Incendiaries,33.912749,-84.467353,,,,,,
2012,Georgia,Lilburn,Violent Far-right,0,Abortion Related,Explosives and Incendiaries,33.909395,-84.113468,,,,,,
2012,Virginia,Axton,Violent Far-right,0,Religious Institutions,Explosives and Incendiaries,36.659582,-79.711978,,,,,,
2012,Illinois,,Violent Far-left,0,"Government, Military, and Police",Explosives and Incendiaries,41.84,-87.68,,,,,,
2012,Ohio,,Violent Far-left,0,Transportation and Infrastructure,Explosives and Incendiaries,41.5,-81.6667,,,,,,
2012,Wisconsin,Grand Chute,Violent Far-right,0,Abortion Related,Explosives and Incendiaries,44.281591,-88.438409,,,,,,
2012,Pennsylvania,,Religious,0,Unknown,Unknown,39.952335,-75.163789,,,,,,
2012,California,,Violent Far-right,0,"Government, Military, and Police",Firearms,34.4119,-118.504,,,,,,
2012,Washington D.C.,Washington D.C.,Religious,0,"Government, Military, and Police",Explosives and Incendiaries,38.8925,-77.0068,,,,,,
2012,California,,Violent Far-left,0,Transportation and Infrastructure,Melee,37.8044,-122.271,,,,,,
2012,Washington D.C.,Washington D.C.,Violent Far-left,0,"Government, Military, and Police",Explosives and Incendiaries,38.8978,-77.0362,,,,,,
2012,New Jersey,Rutherford,Violent Far-right,0,Religious Institutions,Explosives and Incendiaries,40.832301,-74.110727,,,,,,
2012,Alabama,Alabama City,Violent Far-right,0,Business,Firearms,34.023163,-86.048875,,,,,,
2012,New Jersey,Paramus,Violent Far-right,0,Religious Institutions,Explosives and Incendiaries,40.944543,-74.075419,,,,,,
2011,Georgia,Fort Stewart,Violent Far-right,3,Private Individuals,Firearms,38.9072,-77.0369,,,,,,
2011,New York,New York City,Religious,0,"Government, Military, and Police",Explosives and Incendiaries,40.7128,-74.006,,,,,,
2011,Washington D.C.,Washington D.C.,Violent Far-right,0,"Government, Military, and Police",Firearms,38.9072,-77.0369,,,,,,
2011,Maine,Lincoln Park,Violent Far-right,0,Other,Explosives and Incendiaries,41.9255,-87.6488,,,,,,
2011,Georgia,Gainesville,Violent Far-right,0,"Government, Military, and Police",Other,34.2979,-83.8241,,,,,,
2011,Washington,Gifford,Violent Far-left,0,Business,Other,48.3063,-118.1464,,,,,,
2011,Washington D.C.,Washington D.C.,Ethnonationalist,0,Private Individuals,Explosives and Incendiaries,38.9072,-77.0369,,,,,,
2011,Massachusetts,Ashland,Religious,0,"Government, Military, and Police",Explosives and Incendiaries,42.2612,-71.4634,,,,,,
2011,Idaho,Caldwell,Violent Far-left,0,Business,Explosives and Incendiaries,43.6629,-116.6874,,,,,,
2011,"Washington, Oregon, California",,Violent Far-right,4,Private Individuals,Melee,47.6062,-122.3321,,,,,,
2011,Texas,Fort Hood,Religious,0,"Government, Military, and Police",Firearms,31.195,-97.7413,,,,,,
2011,Texas,Arlington,Violent Far-right,0,"Government, Military, and Police",Firearms,32.7357,-97.1081,,,,,,
2011,Alabama,Birmingham,Religious,0,"Government, Military, and Police",Firearms,33.5186,-86.8104,,,,,,
2011,Washington,Seattle,Religious,0,"Government, Military, and Police",Firearms,47.6062,-122.3321,,,,,,
2011,Wisconsin,Madison,Violent Far-right,0,Abortion Related,Firearms,43.0731,-89.4012,,,,,,
2011,California,Stockton,Violent Far-right,0,Religious Institutions,Explosives and Incendiaries,37.9577,-121.2908,,,,,,
2011,Washington,Spokane,Violent Far-right,0,Transportation and Infrastructure,Explosives and Incendiaries,47.6588,-117.426,,,,,,
2011,Texas,Lubbock,Religious,0,"Government, Military, and Police",Explosives and Incendiaries,33.5779,-101.8552,,,,,,
2011,Michigan,Grand Rapids,Violent Far-left,0,Private Individuals,Explosives and Incendiaries,42.9634,-85.6681,,,,,,
2011,Michigan,Dearborn,Violent Far-right,0,Religious Institutions,Explosives and Incendiaries,42.3223,-83.1763,,,,,,
2011,Washington,Spokane,Violent Far-right,0,Private Individuals,Explosives and Incendiaries,47.6588,-117.426,,,,,,
2011,Arkansas,Hardy,Violent Far-right,0,Private Individuals,Explosives and Incendiaries,36.3159,-91.4826,,,,,,
2011,Arizona,Apache,Violent Far-right,0,Unknown,Explosives and Incendiaries,33.415,-111.5496,,,,,,
2011,Maryland,Annapolis,Violent Far-left,0,"Government, Military, and Police",Explosives and Incendiaries,38.9784,-76.4922,,,,,,
2010,Maryland,Catonsville,Religious,0,"Government, Military, and Police",Explosives and Incendiaries,39.2721,-76.7319,,,,,,
2010,Oregon,Corvallis,Violent Far-right,0,Religious Institutions,Explosives and Incendiaries,44.5646,-123.262,,,,,,
2010,Oregon,Portland,Religious,0,Religious Institutions,Explosives and Incendiaries,45.5051,-122.675,,,,,,
2010,California,Los Angeles,Violent Far-left,0,Educational Institution,Other,34.0522,-118.2437,,,,,,
2010,Illinois,Chicago,Religious,0,Transportation and Infrastructure,Explosives and Incendiaries,41.8781,-87.6298,,,,,,
2010,Washington D.C.,Washington D.C.,Religious,0,Transportation and Infrastructure,Explosives and Incendiaries,38.9072,-77.0369,,,,,,
2010,Virginia,Triangle,Religious,0,Educational Institution,Firearms,38.5468,-77.3366,,,,,,
2010,Tennessee,Murfreesboro,Violent Far-right,0,Religious Institutions,Explosives and Incendiaries,35.8456,-86.3903,,,,,,
2010,Illinois,Chicago,Religious,0,Transportation and Infrastructure,Explosives and Incendiaries,41.8781,-87.6298,,,,,,
2010,North Carolina,Concord,Violent Far-right,0,Abortion Related,Explosives and Incendiaries,35.4088,-80.5795,,,,,,
2010,Maryland,Silver Spring,Violent Far-left,0,Journalists and Media,Explosives and Incendiaries,38.9907,-77.0261,,,,,,
2010,California,Madera,Violent Far-right,0,Abortion Related,Explosives and Incendiaries,36.9613,-120.0607,,,,,,
2010,Oregon,Astoria,Violent Far-left,0,Business,Explosives and Incendiaries,46.1879,-123.8313,,,,,,
2010,California,Oakland,Violent Far-right,0,"Government, Military, and Police",Firearms,37.8044,-122.2712,,,,,,
2010,Utah,Sandy,Violent Far-left,0,Business,Explosives and Incendiaries,40.565,-111.839,,,,,,
2010,Utah,Salt Lake City,Violent Far-left,0,Business,Explosives and Incendiaries,40.7608,-111.891,,,,,,
2010,Arkansas,West Memphis,Violent Far-right,2,"Government, Military, and Police",Firearms,35.1465,-90.1845,,,,,,
2010,Florida,Jacksonville,Violent Far-right,0,Religious Institutions,Explosives and Incendiaries,30.3322,-81.6557,,,,,,
2010,New York,New York City,Religious,0,Private Individuals,Explosives and Incendiaries,40.7128,-74.006,,,,,,
2010,Colorado,Denver,Violent Far-left,0,Business,Explosives and Incendiaries,39.7392,-104.9903,,,,,,
2010,Michigan,Detroit,Violent Far-right,0,"Government, Military, and Police",Firearms,42.3314,-83.0458,,,,,,
2010,Virginia,Arlington,Violent Far-right,0,"Government, Military, and Police",Firearms,38.8816,-77.091,,,,,,
2010,Florida,Pensacola,Violent Far-right,0,Abortion Related,Explosives and Incendiaries,30.4213,-87.2169,,,,,,
2009,Michigan,Detroit,Religious,0,Transportation and Infrastructure,Explosives and Incendiaries,42.3314,-83.0458,,,,,,
2009,Texas,Killeen,Religious,13,"Government, Military, and Police",Firearms,31.1171,-97.7278,,,,,,
2009,Washington,Seattle,Violent Far-right,1,"Government, Military, and Police",Explosives and Incendiaries,47.6062,-122.3321,,,,,,
2009,Illinois,Springfield,Religious,0,"Government, Military, and Police",Explosives and Incendiaries,39.7817,-89.6501,,,,,,
2009,Texas,Dallas,Religious,0,Transportation and Infrastructure,Explosives and Incendiaries,32.7767,-96.797,,,,,,
2009,New York,New York City,Religious,0,Transportation and Infrastructure,Explosives and Incendiaries,40.7128,-74.0006,,,,,,
2009,Pennsylvania,Bridgeville,Violent Far-right,2,Private Individuals,Firearms,40.3562,-80.1101,,,,,,
2009,North Carolina,"Raleigh, Druham, Chapel Hill",Religious,0,Unknown,Firearms,35.7796,-78.6382,,,,,,
2009,California,Huntington Beach,Violent Far-right,0,Private Individuals,Melee,33.6595,-117.9988,,,,,,
2009,Washington D.C.,Washington D.C.,Violent Far-right,1,Business,Firearms,38.9072,-77.0369,,,,,,
2009,Arkansas,Little Rock,Religious,1,"Government, Military, and Police",Firearms,34.7465,-92.2896,,,,,,
2009,Kansas,Wichita,Violent Far-right,1,Abortion Related,Firearms,37.6872,-97.3301,,,,,,
2009,Arizona,Arivaca,Violent Far-right,2,Private Individuals,Firearms,31.5773,-111.3315,,,,,,
2009,New York,New York City,Violent Far-left,0,Business,Explosives and Incendiaries,40.7128,-74.006,,,,,,
2009,New York,New York City,Religious,0,Religious Institutions,Explosives and Incendiaries,40.7128,-74.006,,,,,,
2009,California,Los Angeles,Violent Far-left,0,Educational Institution,Explosives and Incendiaries,34.0522,-118.2437,,,,,,
2009,Massachusetts,Boston,Violent Far-right,3,Private Individuals,Firearms,42.3601,-71.0589,,,,,,
